{"alpha": 1.40072, "l1_ratio": 0.8500000000000001}